student,exam 1,exam 2,exam 3,final,pass,personality 0,personality 1,personality 2,personality 3,personality 4,personality 5
1,3.276016506,4.84498978,3.674589448,3.513487529,0,1,0,0,0,0,0
2,3.18966298,3.742027856,3.955838528,3.304861122,0,1,0,0,0,0,0
3,3.946272013,2.744361922,2.294077873,2.89013276,0,1,0,0,0,0,0
4,4.6458525,3.585931707,3.748031785,4.36327476,1,1,0,0,0,0,0
5,2.924525189,3.655331037,3.370484339,3.322329005,0,1,0,0,0,0,0
6,3.219938793,3.257174427,3.586004291,3.243694986,0,1,0,0,0,0,0
7,3.531226984,4.060799252,3.344569,4.023186847,1,1,0,0,0,0,0
8,2.872062648,3.242941235,3.595394479,2.901092934,0,1,0,0,0,0,0
9,3.915052709,2.909071308,4.302202159,3.645576535,0,1,0,0,0,0,0
10,3.921196694,2.949859158,4.103075188,3.300807571,0,0,1,0,0,0,0
11,4.201219682,3.668102408,3.865166442,3.786511986,0,0,1,0,0,0,0
12,4.132020408,3.208875053,3.373921787,3.416334683,0,0,1,0,0,0,0
13,4.115666838,3.521719151,3.275894298,3.173908445,0,0,1,0,0,0,0
14,4.381955721,4.684791241,3.822112423,4.055264703,1,0,1,0,0,0,0
15,4.306785158,3.410260457,4.106721596,4.223648183,1,0,1,0,0,0,0
16,3.82680886,4.191368718,4.090299671,3.850223398,0,0,1,0,0,0,0
17,3.921879768,4.238190409,3.818828517,4.239523121,1,0,1,0,0,0,0
18,4.323911676,3.522573523,3.149585312,3.857774721,0,0,1,0,0,0,0
19,3.83995243,4.347073076,3.927929005,4.29957002,1,0,1,0,0,0,0
20,4.784032628,3.113027895,3.920883836,3.832110955,0,0,1,0,0,0,0
21,4.192270068,3.844116925,3.661048353,3.970042293,0,0,1,0,0,0,0
22,4.6540419,3.851107911,5.035318191,4.195524923,1,0,0,1,0,0,0
23,3.928666689,3.774773444,5.01008336,4.371838103,1,0,0,1,0,0,0
24,4.225577661,4.241140765,4.131962846,4.418459841,1,0,0,1,0,0,0
25,4.641776077,4.632589992,3.634597359,4.444239212,1,0,0,1,0,0,0
26,4.376276775,5.90977146,4.124009833,5.074530982,1,0,0,1,0,0,0
27,5.587202283,4.133220847,4.200622179,4.690039646,1,0,0,1,0,0,0
28,4.855036475,4.22449393,4.357216636,4.496588461,1,0,0,1,0,0,0
29,4.21787655,3.937103099,4.111010841,3.937868422,0,0,0,1,0,0,0
30,3.197505704,3.327773658,3.052760449,3.157036423,0,0,0,1,0,0,0
31,4.736690909,3.32743339,3.767032393,4.172248678,1,0,0,1,0,0,0
32,4.850306832,4.309951598,4.705794832,5.116708784,1,0,0,0,1,0,0
33,4.556485512,5.22557841,4.782220725,4.696158087,1,0,0,0,1,0,0
34,4.150835424,3.929171543,5.578219181,4.769572705,1,0,0,0,1,0,0
35,3.905770247,4.052107571,4.275815144,3.725060161,0,0,0,0,1,0,0
36,5.120843487,4.512682779,4.817487153,4.622957973,1,0,0,0,1,0,0
37,4.900869315,4.193194847,4.58998406,4.687619179,1,0,0,0,1,0,0
38,5.147724566,5.186806147,3.708673726,4.967884711,1,0,0,0,1,0,0
39,4.267362844,4.971243751,5.435705261,5.152722717,1,0,0,0,1,0,0
40,3.617400321,4.319705188,4.548203171,4.623604011,1,0,0,0,1,0,0
41,4.017379904,4.436377362,4.396142771,4.577651426,1,0,0,0,1,0,0
42,4.367351041,4.342216576,4.596332253,4.284853816,1,0,0,0,1,0,0
43,3.874686111,5.156265642,5.085418693,4.718123605,1,0,0,0,1,0,0
44,4.709084121,5.548109212,4.320460209,4.55633815,1,0,0,0,1,0,0
45,4.422857031,4.664898745,5.228788525,4.83346925,1,0,0,0,1,0,0
46,4.457098398,5.228554167,5.076221137,4.842975078,1,0,0,0,0,1,0
47,5.244590197,4.30037239,4.482935564,4.500859436,1,0,0,0,0,1,0
48,4.439083802,4.335846312,5.186430676,5.149547261,1,0,0,0,0,1,0
49,5.076373385,4.68280539,5.016523157,4.905093663,1,0,0,0,0,1,0
50,5.140079767,4.731480616,5.341932673,4.709411335,1,0,0,0,0,1,0
51,4.263082196,5.572084385,5.88933366,4.986421043,1,0,0,0,0,1,0
52,4.468472124,4.201838452,5.341562841,4.851759445,1,0,0,0,0,1,0
53,4.295605252,5.08771946,4.620703429,5.003841253,1,0,0,0,0,1,0
54,5.551532124,4.374127652,5.802100573,5.289568056,1,0,0,0,0,1,0
55,5.926278184,5.974828915,3.414973705,4.974448011,1,0,0,0,0,1,0
56,5.366520996,4.296052371,4.91248866,5.072070273,1,0,0,0,0,1,0
57,5.381085246,5.31089454,4.707495874,4.973685121,1,0,0,0,0,1,0
58,4.767859494,5.523746334,4.896828795,5.180630827,1,0,0,0,0,0,1
59,5.073573203,4.946010887,5.040256544,5.485406341,1,0,0,0,0,0,1
60,4.859081026,5.555223107,4.438889281,5.141323254,1,0,0,0,0,0,1
61,4.81182413,4.816671238,5.478384722,5.205042005,1,0,0,0,0,0,1
62,6,4.939500658,4.807275465,5.503119048,1,0,0,0,0,0,1
63,5.701532288,4.798028118,4.500032311,5.030622347,1,0,0,0,0,0,1
64,4.900308716,5.833110806,4.941047296,4.880441824,1,0,0,0,0,0,1
65,5.830917827,4.788284434,4.587677856,5.28158758,1,0,0,0,0,0,1
66,5.13410336,5.274639438,5.207079175,4.86264767,1,0,0,0,0,0,1
67,4.644863743,4.80304914,4.845841854,4.863213385,1,0,0,0,0,0,1
68,5.782742556,5.054099729,5.081206964,5.469809745,1,0,0,0,0,0,1
69,5.187456753,5.924832393,4.431243744,5.40227683,1,0,0,0,0,0,1
70,5.49753709,5.190940989,5.714054709,5.310742995,1,0,0,0,0,0,1
71,4.769283178,5.709897901,5.719089228,4.982022593,1,0,0,0,0,0,1
72,2.980213452,3.684365408,4.145455424,3.288301667,0,1,0,0,0,0,0
73,3.423902012,3.701167327,3.705361914,3.939751814,0,1,0,0,0,0,0
74,3.986346015,2.69902119,3.234800922,3.465737934,0,1,0,0,0,0,0
75,4.018527191,3.956547126,3.142437562,4.122320352,1,1,0,0,0,0,0
76,4.030167778,3.548087743,3.826690745,3.543942234,0,1,0,0,0,0,0
77,3.07213444,4.056121884,4.153989035,3.548061742,0,1,0,0,0,0,0
78,3.78427162,4.058648049,3.089341154,4.047198356,1,1,0,0,0,0,0
79,4.267128259,3.872698725,3.327194294,4.265536079,1,1,0,0,0,0,0
80,3.612299808,3.274280731,4.61477025,4.05647431,1,0,1,0,0,0,0
81,4.050424749,3.970937113,4.11344069,4.228882815,1,0,1,0,0,0,0
82,4.171953808,3.762539078,4.547387347,4.636299524,1,0,1,0,0,0,0
83,3.795543914,3.405795366,4.524508392,3.703633593,0,0,1,0,0,0,0
84,4.165458795,4.076331871,4.053166465,4.574183803,1,0,1,0,0,0,0
85,4.99343332,3.394263563,4.278825944,4.700330479,1,0,1,0,0,0,0
86,3.00355831,3.111679458,3.043814728,3.483945178,0,0,1,0,0,0,0
87,4.545670159,3.740468328,3.24044935,4.24599913,1,0,1,0,0,0,0
88,4.036270118,3.499704932,4.144543579,3.57379247,0,0,1,0,0,0,0
89,4.101965056,3.177624116,3.480599688,4.040479057,1,0,1,0,0,0,0
90,4.142393629,4.235705867,4.355755812,4.030935901,1,0,1,0,0,0,0
91,4.184611001,4.355233253,3.823607991,4.303973162,1,0,1,0,0,0,0
92,3.61496663,4.349525296,4.228805448,4.479863558,1,0,0,1,0,0,0
93,4.368563415,3.350529694,5.01116033,4.711346047,1,0,0,1,0,0,0
94,3.755379893,3.70924919,4.18099281,3.92294992,0,0,0,1,0,0,0
95,4.175920902,3.22337128,3.50300209,3.619154709,0,0,0,1,0,0,0
96,5.056124192,2.857712832,3.700687319,3.715166915,0,0,0,1,0,0,0
97,4.875520578,4.725757161,3.434554599,4.689731062,1,0,0,1,0,0,0
98,4.045730141,3.881069361,4.866018979,3.777776241,0,0,0,1,0,0,0
99,4.142766095,4.247799976,4.904094421,4.625343276,1,0,0,1,0,0,0
100,3.715481225,4.838756682,3.311033949,3.585641874,0,0,0,1,0,0,0
101,3.59340506,4.465830259,4.99569134,3.970055584,0,0,0,1,0,0,0
102,4.579642271,4.226379384,4.861829517,4.213660216,1,0,0,0,1,0,0
103,4.569506454,3.37317807,4.357425638,3.887221568,0,0,0,0,1,0,0
104,3.912666088,3.876872164,5.06089853,4.024139903,1,0,0,0,1,0,0
105,4.788094501,4.461795269,4.394267154,4.165740132,1,0,0,0,1,0,0
106,4.710449,4.053707588,4.652126016,4.718508446,1,0,0,0,1,0,0
107,4.10710787,4.150913751,4.855478257,4.632189608,1,0,0,0,1,0,0
108,4.273929848,4.820425976,4.285701328,4.928781297,1,0,0,0,1,0,0
109,4.43781009,4.928743916,4.378372294,4.169566643,1,0,0,0,1,0,0
110,4.536002374,4.720053452,4.453135423,4.394328617,1,0,0,0,1,0,0
111,4.074645064,4.600306961,4.871973883,4.810409171,1,0,0,0,1,0,0
112,4.197750778,4.671829481,4.353196239,4.414330662,1,0,0,0,1,0,0
113,4.484466695,5.051231331,5.000994014,5.151289174,1,0,0,0,1,0,0
114,4.263798476,4.439123147,4.957081897,4.572518182,1,0,0,0,1,0,0
115,4.808517883,4.525637764,4.626570803,5.092619615,1,0,0,0,1,0,0
116,4.93151907,6,5.027559858,5.288071929,1,0,0,0,0,1,0
117,5.487992531,4.573697164,5.10132818,5.005666826,1,0,0,0,0,1,0
118,4.591377387,6,4.776185873,4.824273341,1,0,0,0,0,1,0
119,5.094786535,4.439189568,5.072599997,5.024774919,1,0,0,0,0,1,0
120,4.650298313,5.79315417,4.896759899,5.46394387,1,0,0,0,0,1,0
121,5.365926012,5.341001263,5.039912746,5.179761565,1,0,0,0,0,1,0
122,4.876860594,4.781457608,5.242661563,4.54229056,1,0,0,0,0,1,0
123,5.205139664,5.069226712,5.057538245,4.844570088,1,0,0,0,0,1,0
124,5.261596728,5.131945554,4.686475384,4.843334519,1,0,0,0,0,1,0
125,4.683689554,5.775464999,4.622320076,4.999509201,1,0,0,0,0,1,0
126,5.454602955,5.361876536,5.328660778,4.948457106,1,0,0,0,0,1,0
127,5.562375635,4.56388711,4.354142395,4.498538792,1,0,0,0,0,1,0
128,5.411352507,5.580908354,5.714011586,6.040322076,1,0,0,0,0,0,1
129,5.831432478,4.674401746,5.925679052,4.979553198,1,0,0,0,0,0,1
130,5.060620825,5.323974426,5.138454812,5.517682658,1,0,0,0,0,0,1
131,5.312242415,4.811792721,3.877091078,4.343994824,1,0,0,0,0,0,1
132,5.257751021,5.459730152,5.179801518,5.338185855,1,0,0,0,0,0,1
133,4.891462316,5.626961596,5.37646525,5.769957414,1,0,0,0,0,0,1
134,4.892391971,4.49874929,4.007699295,4.484992364,1,0,0,0,0,0,1
135,5.058118398,4.694977644,6,5.569965649,1,0,0,0,0,0,1
136,4.236154095,5.392437799,5.67238957,4.787526856,1,0,0,0,0,0,1
137,5.94325878,4.868851558,4.46738216,4.975115395,1,0,0,0,0,0,1
138,6,6,5.133676695,5.424825145,1,0,0,0,0,0,1
139,4.930999942,5.523378037,4.977484434,5.200457839,1,0,0,0,0,0,1
140,5.051759919,5.603299388,5.348756181,5.198360258,1,0,0,0,0,0,1
141,5.50116023,5.364157335,4.224180336,5.342278753,1,0,0,0,0,0,1
142,2.534259953,2.959715755,4.194081164,3.579375261,1,1,0,0,0,0,0
143,3.276105016,3.800939286,3.276470135,3.071417555,1,1,0,0,0,0,0
144,3.076287252,3.148373104,3.259550864,3.112023081,0,1,0,0,0,0,0
145,3.744114853,3.963098613,3.850381351,3.799640621,0,1,0,0,0,0,0
146,3.951083637,2.736622807,3.547167175,3.704715317,0,1,0,0,0,0,0
147,3.654946724,3.256705517,2.319721817,3.189082053,1,1,0,0,0,0,0
148,3.940434775,3.077785496,3.794989605,3.162707909,0,1,0,0,0,0,0
149,3.725890463,3.975902636,3.392562548,3.992173926,0,1,0,0,0,0,0
150,4.263033123,3.596737816,3.927037382,3.459163432,1,0,1,0,0,0,0
151,3.16432746,3.60805443,4.304914345,4.057962297,1,0,1,0,0,0,0
152,3.409032115,3.770115223,4.111213421,3.90125235,0,0,1,0,0,0,0
153,3.633964642,2.913312295,3.905317768,3.021300664,0,0,1,0,0,0,0
154,2.983950091,4.288857949,3.377156206,3.802758082,0,0,1,0,0,0,0
155,4.369369682,3.871046817,3.288110461,3.713459314,1,0,1,0,0,0,0
156,3.906209895,4.253073179,3.563631662,4.212874441,0,0,1,0,0,0,0
157,3.676241402,3.82273162,4.263891548,4.306576499,0,0,1,0,0,0,0
158,3.771564023,3.830353367,3.468368065,4.065920023,1,0,1,0,0,0,0
159,4.217240353,3.973211299,3.989692249,3.865899803,1,0,1,0,0,0,0
160,4.357003421,4.237151597,3.578098896,3.731048296,0,0,1,0,0,0,0
161,3.96151181,2.818122543,4.359132994,3.358038346,0,0,1,0,0,0,0
162,4.797943691,3.997533182,4.25011333,4.552950224,0,0,0,1,0,0,0
163,4.214280938,4.49167502,5.043500744,4.287858956,1,0,0,1,0,0,0
164,5.011801857,3.954353721,4.3651746,4.700764097,0,0,0,1,0,0,0
165,4.343175669,4.1090018,3.39387028,4.446801568,1,0,0,1,0,0,0
166,4.342916429,3.438829274,4.154331306,3.822819039,0,0,0,1,0,0,0
167,3.482129615,3.843797611,4.382304773,4.362100562,1,0,0,1,0,0,0
168,4.459240169,3.768224428,4.80067137,3.853399816,0,0,0,1,0,0,0
169,4.879529127,3.712948265,4.472551505,4.181402293,1,0,0,1,0,0,0
170,3.820653372,3.765708449,4.785993519,3.829904552,1,0,0,1,0,0,0
171,3.909272425,4.416238241,4.402512458,3.959937238,0,0,0,1,0,0,0
172,5.210226128,3.874407592,5.095665756,4.605305911,1,0,0,0,1,0,0
173,3.576335267,4.993654259,3.967090376,4.337166154,1,0,0,0,1,0,0
174,5.195442885,4.016000199,3.995528615,4.679752668,1,0,0,0,1,0,0
175,4.199231856,4.04149751,4.538164743,4.668511562,1,0,0,0,1,0,0
176,4.383094598,3.762883939,4.542997316,4.331964819,1,0,0,0,1,0,0
177,4.298465102,5.341974664,4.484723928,4.404954459,1,0,0,0,1,0,0
178,5.348899569,4.256756123,4.552111554,5.084167681,1,0,0,0,1,0,0
179,5.114553154,4.951292563,4.254206058,4.524291072,1,0,0,0,1,0,0
180,4.877837343,5.258706257,4.857464727,4.832149382,1,0,0,0,1,0,0
181,4.693320795,4.22440419,4.798644068,4.586041091,1,0,0,0,1,0,0
182,4.663608158,4.212089681,4.00877938,4.723842798,1,0,0,0,1,0,0
183,5.525881622,4.607556474,5.114193936,4.904283653,1,0,0,0,1,0,0
184,4.642291618,4.275987941,4.718528947,4.623207438,1,0,0,0,1,0,0
185,4.839062609,4.68395367,3.615000088,4.682587431,1,0,0,0,1,0,0
186,4.628904823,5.101780239,4.301228398,5.166537678,1,0,0,0,0,1,0
187,5.329314155,5.485308386,4.731337667,5.653462862,1,0,0,0,0,1,0
188,5.267230928,4.61648405,4.456431848,5.063447115,1,0,0,0,0,1,0
189,4.774482402,3.616092757,4.785396614,3.999849149,1,0,0,0,0,1,0
190,4.941401096,5.125438791,4.799177943,5.182040118,1,0,0,0,0,1,0
191,5.681941802,4.22684507,5.081838145,5.288266504,1,0,0,0,0,1,0
192,4.391263514,4.671891494,5.679326952,4.720892787,1,0,0,0,0,1,0
193,5.393850839,5.176431194,4.527241917,4.626408224,1,0,0,0,0,1,0
194,5.351298321,4.965411341,4.668072342,5.368132839,1,0,0,0,0,1,0
195,4.991057181,5.744605169,5.024642261,5.271523829,1,0,0,0,0,1,0
196,4.975288291,4.82475224,4.702040837,4.871575957,1,0,0,0,0,1,0
197,4.840157835,5.06692078,4.615168135,4.368107366,1,0,0,0,0,1,0
198,5.367589741,4.509530554,5.317102076,5.003039972,1,0,0,0,0,0,1
199,5.007924194,5.209369328,4.529981092,4.949542923,1,0,0,0,0,0,1
200,5.695316296,5.344244547,4.45825693,5.654937489,1,0,0,0,0,0,1
201,4.727060296,5.381669402,4.859818821,5.373831674,1,0,0,0,0,0,1
202,5.18650121,4.933635452,4.901425775,5.422292671,1,0,0,0,0,0,1
203,5.481658141,4.981019417,5.307867714,5.724955296,1,0,0,0,0,0,1
204,4.830898306,6,5.61921752,5.630029372,1,0,0,0,0,0,1
205,5.164909928,5.32810509,5.909385651,5.517593192,1,0,0,0,0,0,1
206,5.483302827,5.757724547,5.526948195,5.361096268,1,0,0,0,0,0,1
207,5.678473837,4.495425658,5.154196355,5.334015226,1,0,0,0,0,0,1
208,5.140670406,4.326285153,5.252658677,5.146991021,1,0,0,0,0,0,1
209,4.411105679,5.628757716,5.605106102,5.181107671,1,0,0,0,0,0,1
210,5.79110808,5.27189823,5.156659036,5.121895755,1,0,0,0,0,0,1
211,4.398199146,6,5.380131221,4.985851563,1,0,0,0,0,0,1
212,3.460570169,3.158781827,3.51576945,3.717123696,1,1,0,0,0,0,0
213,3.581368199,3.40367928,2.870658907,2.99923666,1,1,0,0,0,0,0
214,3.134764208,4.020391516,4.103968213,4.068161347,0,1,0,0,0,0,0
215,3.574499803,3.476054586,3.276419349,3.804633148,0,1,0,0,0,0,0
216,3.271936239,4.471890286,4.506513788,4.543600376,0,1,0,0,0,0,0
217,3.30615772,2.654167197,3.455256886,2.953211271,1,1,0,0,0,0,0
218,3.997115571,4.255928916,3.509562016,3.81754253,0,1,0,0,0,0,0
219,4.444981888,3.666118997,3.61861067,4.369983865,0,1,0,0,0,0,0
220,4.291604308,3.10546556,3.368068775,3.170511575,1,0,1,0,0,0,0
221,4.432907666,4.023595323,3.830221601,3.843427489,1,0,1,0,0,0,0
222,3.370903721,3.01861991,4.469426695,3.248504788,0,0,1,0,0,0,0
223,4.492855644,3.874586739,3.138118274,3.701052891,0,0,1,0,0,0,0
224,3.237003047,4.096177513,3.618889512,3.623607177,0,0,1,0,0,0,0
225,3.826606173,3.77062145,3.541790166,4.145539463,1,0,1,0,0,0,0
226,4.025234022,3.833863277,3.959797882,4.055309867,0,0,1,0,0,0,0
227,3.760964599,3.074414572,4.265412728,4.039107282,0,0,1,0,0,0,0
228,4.145362204,3.601475636,2.887772557,3.519565419,1,0,1,0,0,0,0
229,4.168153183,3.083588683,4.382936671,3.841181568,1,0,1,0,0,0,0
230,3.683578048,4.294999236,4.226271278,3.691857512,0,0,1,0,0,0,0
231,3.992350896,4.023941039,3.667546206,3.916545305,0,0,1,0,0,0,0
232,3.444219615,3.685417937,3.669076264,3.639768667,0,0,0,1,0,0,0
233,4.263176743,4.619049183,4.112582308,3.86547621,1,0,0,1,0,0,0
234,4.994710285,4.476680511,4.588265121,5.176374955,0,0,0,1,0,0,0
235,3.436579454,4.7163119,4.309686516,4.647014907,1,0,0,1,0,0,0
236,3.848994326,4.853368644,4.733861512,4.445095784,0,0,0,1,0,0,0
237,4.014631832,4.343728481,4.306948364,4.579684583,1,0,0,1,0,0,0
238,4.364846683,3.713092321,3.026588453,3.830177768,0,0,0,1,0,0,0
239,4.272660361,4.652768231,4.644489034,4.322481265,1,0,0,1,0,0,0
240,4.1047626,4.364756537,4.143579164,4.398042368,1,0,0,1,0,0,0
241,4.453299017,3.952818701,4.883248343,4.295774062,0,0,0,1,0,0,0
242,4.312679051,4.695710251,4.72501574,4.61071854,1,0,0,0,1,0,0
243,3.413768481,4.068740798,3.982333315,3.700447736,1,0,0,0,1,0,0
244,4.853558394,4.119225628,4.299427005,4.707821992,1,0,0,0,1,0,0
245,4.968319551,4.345455233,4.347248371,4.720225896,1,0,0,0,1,0,0
246,4.773055947,5.101397146,3.786686561,4.638012819,1,0,0,0,1,0,0
247,3.884345105,4.186512456,5.086100176,4.823968401,1,0,0,0,1,0,0
248,5.257177582,4.569384741,5.137272073,4.533804755,1,0,0,0,1,0,0
249,3.922514606,3.859684523,4.515164166,3.786241294,1,0,0,0,1,0,0
250,4.471499256,4.321100431,5.033930723,4.714250978,1,0,0,0,1,0,0
251,5.393331896,4.956950455,4.560708281,5.077938409,1,0,0,0,1,0,0
252,5.045611497,3.82986842,4.127172801,4.292056935,1,0,0,0,1,0,0
253,5.487177948,4.545629817,5.340385141,5.599025425,1,0,0,0,1,0,0
254,5.059824957,4.629202626,3.944932699,4.557525727,1,0,0,0,1,0,0
255,4.549013795,3.666038421,3.938356292,4.266310753,1,0,0,0,1,0,0
256,5.857701502,5.656324328,5.207103915,5.745848926,1,0,0,0,0,1,0
257,5.323748515,5.479015932,5.336242736,5.185628663,1,0,0,0,0,1,0
258,5.37295614,4.893472847,5.462293041,5.134685171,1,0,0,0,0,1,0
259,4.516894151,4.962716921,5.255622604,5.346342577,1,0,0,0,0,1,0
260,4.137352209,5.41880558,5.423399362,4.614368005,1,0,0,0,0,1,0
261,5.122635318,5.047113366,4.316104499,4.783171676,1,0,0,0,0,1,0
262,3.942536346,5.042298001,5.303389226,5.129162346,1,0,0,0,0,1,0
263,4.239528056,4.883915165,4.868608246,4.246985882,1,0,0,0,0,1,0
264,5.023050703,4.86026649,5.048047236,5.089132157,1,0,0,0,0,1,0
265,4.479249108,6,5.506166445,4.837118205,1,0,0,0,0,1,0
266,4.381815604,4.459617955,4.19354162,4.600623129,1,0,0,0,0,1,0
267,5.018964383,5.509081569,5.449950731,5.598022745,1,0,0,0,0,1,0
268,5.788654216,5.025598101,5.028003986,5.589414488,1,0,0,0,0,0,1
269,4.618769914,4.949536072,4.459931844,4.26262726,1,0,0,0,0,0,1
270,5.187592838,4.532907541,5.009165661,4.956308438,1,0,0,0,0,0,1
271,5.50589192,5.647382104,5.583553497,5.317134842,1,0,0,0,0,0,1
272,5.760078564,5.898907877,5.060462175,5.137437629,1,0,0,0,0,0,1
273,5.366039265,5.202162073,5.816787324,5.089041423,1,0,0,0,0,0,1
274,4.882824319,5.796934812,5.004252108,4.962384935,1,0,0,0,0,0,1
275,5.352632867,5.039615664,5.109345686,5.008788904,1,0,0,0,0,0,1
276,5.353063012,3.87817224,5.629035859,4.632508725,1,0,0,0,0,0,1
277,6,4.947203974,4.692904911,5.650376278,1,0,0,0,0,0,1
278,5.122958499,5.560633552,5.109747306,5.241809563,1,0,0,0,0,0,1
279,4.699780311,4.949704466,5.108974009,5.081808528,1,0,0,0,0,0,1
280,5.395351907,4.991105984,4.575813161,5.122158292,1,0,0,0,0,0,1
281,5.711067603,5.275513463,6,5.206794011,1,0,0,0,0,0,1
282,3.708422447,3.421169586,3.703705716,3.11311293,1,1,0,0,0,0,0
283,4.10013219,3.665050355,3.104724249,3.843087451,1,1,0,0,0,0,0
284,3.311733353,2.495427348,4.069149479,3.786844408,0,1,0,0,0,0,0
285,3.040309856,3.31404296,4.269037873,3.386229521,0,1,0,0,0,0,0
286,3.641125658,4.651876912,3.43099672,4.397093938,0,1,0,0,0,0,0
287,2.769780579,3.794498279,3.794216115,2.965042078,1,1,0,0,0,0,0
288,2.853320738,3.434218271,2.609173102,2.801701972,0,1,0,0,0,0,0
289,2.795834748,3.106923045,3.852235786,3.696030877,0,1,0,0,0,0,0
290,4.013622731,3.610746063,4.2361718,4.162501649,1,0,1,0,0,0,0
291,3.186499628,5.059546017,3.858981045,4.236403852,1,0,1,0,0,0,0
292,4.184337997,3.563967253,3.75421202,4.148061796,0,0,1,0,0,0,0
293,3.869879529,3.814022043,2.879713317,3.853945487,0,0,1,0,0,0,0
294,4.794795161,4.146111064,4.324935252,4.625620053,0,0,1,0,0,0,0
295,4.269326437,4.257276413,3.337101266,3.891733911,1,0,1,0,0,0,0
296,3.298662999,4.307706034,3.543924992,3.229862532,0,0,1,0,0,0,0
297,3.96328824,3.768367139,3.645698597,3.703759306,0,0,1,0,0,0,0
298,3.120623786,4.156350448,2.86920006,3.659191684,1,0,1,0,0,0,0
299,4.277590025,4.237625016,3.721048359,3.672791023,1,0,1,0,0,0,0
300,2.787938742,3.876452239,3.505163907,3.424200093,0,0,1,0,0,0,0
301,3.583895265,3.8979798,3.656677197,3.817992528,0,0,1,0,0,0,0
302,4.231167375,4.21729263,3.78913716,4.260573505,0,0,0,1,0,0,0
303,3.913425418,4.119387714,4.418484868,4.222939822,1,0,0,1,0,0,0
304,3.938602918,3.959578762,4.481556672,4.284375056,0,0,0,1,0,0,0
305,3.956339715,4.470692553,3.393368904,3.738983872,1,0,0,1,0,0,0
306,4.822792693,4.155643279,4.082633087,4.544961726,0,0,0,1,0,0,0
307,4.424907316,4.221652668,4.317853694,4.300105918,1,0,0,1,0,0,0
308,4.295461065,3.54996443,4.620543519,4.3201677,0,0,0,1,0,0,0
309,4.711345108,4.158563582,3.874436222,3.759604756,1,0,0,1,0,0,0
310,4.616262809,4.360803278,4.158582311,4.655415958,1,0,0,1,0,0,0
311,5.179951792,4.482807769,4.391328766,4.757994733,0,0,0,1,0,0,0
312,5.164053945,5.037282703,3.835148778,4.751377679,1,0,0,0,1,0,0
313,4.554497371,4.140332612,4.778466633,3.992348304,1,0,0,0,1,0,0
314,4.856216211,3.759300939,4.666982925,4.402639382,1,0,0,0,1,0,0
315,4.620941264,4.378852972,4.819019938,4.695226029,1,0,0,0,1,0,0
316,4.844973688,4.96872235,3.753546565,4.199215594,1,0,0,0,1,0,0
317,3.916025083,5.192763359,4.132154931,4.452414433,1,0,0,0,1,0,0
318,5.109740153,3.959633459,4.665734172,4.629949983,1,0,0,0,1,0,0
319,5.131865721,5.165095195,5.362291281,5.68839078,1,0,0,0,1,0,0
320,4.15932355,4.685498543,4.684013917,4.873656749,1,0,0,0,1,0,0
321,3.834672152,4.287713171,3.617324549,3.542618831,1,0,0,0,1,0,0
322,5.262366846,4.67510434,4.380807156,4.739984705,1,0,0,0,1,0,0
323,4.326051255,4.687789085,5.25083044,4.952752505,1,0,0,0,1,0,0
324,4.459820212,4.69768679,4.222134067,4.396728631,1,0,0,0,1,0,0
325,4.824150308,4.529214156,4.574669797,4.727542879,1,0,0,0,1,0,0
326,3.953448209,6,4.134656151,4.656437711,1,0,0,0,0,1,0
327,4.9735467,4.489297407,5.026249807,5.219901475,1,0,0,0,0,1,0
328,5.096277901,5.013545866,5.19837528,4.716811435,1,0,0,0,0,1,0
329,5.020796291,4.677227597,4.806592427,4.587941086,1,0,0,0,0,1,0
330,4.145061049,4.062331321,5.074512182,4.128290468,1,0,0,0,0,1,0
331,5.52879987,4.417823408,4.572334961,5.109797005,1,0,0,0,0,1,0
332,4.935838495,5.261100546,4.539029944,4.80189285,1,0,0,0,0,1,0
333,6,5.181011261,4.665344208,5.655757427,1,0,0,0,0,1,0
334,4.838557419,5.1879043,5.012686198,5.084436294,1,0,0,0,0,1,0
335,5.788738711,4.383619238,5.595110375,5.331819487,1,0,0,0,0,1,0
336,4.358625448,5.729157416,4.744252666,5.201736147,1,0,0,0,0,1,0
337,4.5735639,5.572121845,3.819308694,4.733395423,1,0,0,0,0,1,0
338,5.486923157,5.505970832,4.390739062,4.77188875,1,0,0,0,0,0,1
339,5.581365171,5.00854967,4.852406125,5.549011166,1,0,0,0,0,0,1
340,5.692810275,6,4.729203344,4.997250136,1,0,0,0,0,0,1
341,5.753690806,5.186886917,4.838259436,5.359033214,1,0,0,0,0,0,1
342,5.411183617,5.120094282,4.537045607,4.974694183,1,0,0,0,0,0,1
343,4.884965409,5.439479062,5.136259726,4.806142278,1,0,0,0,0,0,1
344,5.065173839,5.251151783,5.197846597,5.522661904,1,0,0,0,0,0,1
345,4.550951335,4.838968322,4.617721123,4.582889302,1,0,0,0,0,0,1
346,5.447919214,5.198027962,6,5.99351751,1,0,0,0,0,0,1
347,5.581949288,5.005386672,5.55252505,5.799168941,1,0,0,0,0,0,1
348,5.762655567,5.122654985,5.363805721,5.476790842,1,0,0,0,0,0,1
349,5.24237548,5.767197328,5.856603721,6.045759253,1,0,0,0,0,0,1
350,5.268882626,5.465671926,5.398856864,5.756945039,1,0,0,0,0,0,1
351,5.991036424,5.588444839,5.760163866,6.037406432,1,0,0,0,0,0,1
352,3.071319854,3.315398845,4.007503948,3.416452759,1,1,0,0,0,0,0
353,3.801637149,3.370383234,3.065292789,3.30400483,1,1,0,0,0,0,0
354,3.395438984,4.401845913,3.421760289,4.065858483,0,1,0,0,0,0,0
355,4.089036219,2.264250823,3.379102299,3.217842697,0,1,0,0,0,0,0
356,3.117409642,3.53722929,3.683387636,3.943535636,0,1,0,0,0,0,0
357,3.944437954,2.955122045,4.507569895,3.985683113,1,1,0,0,0,0,0
358,2.858324493,3.743069834,4.630215596,3.388656374,0,1,0,0,0,0,0
359,3.786359455,3.40828072,4.434358557,3.989534374,0,1,0,0,0,0,0
360,4.348916871,4.670098374,4.170301954,4.799620079,1,0,1,0,0,0,0
361,3.418759799,3.563414107,3.114800906,3.311034033,1,0,1,0,0,0,0
362,4.061587316,4.154303801,5.204060594,4.367004639,0,0,1,0,0,0,0
363,3.916394165,3.786583309,3.257472281,3.999633809,0,0,1,0,0,0,0
364,3.873337963,4.089442592,4.136741066,4.01152676,0,0,1,0,0,0,0
365,3.056331629,4.294732714,4.307265065,4.346018999,1,0,1,0,0,0,0
366,3.616205698,4.230282358,3.680894967,4.15156892,0,0,1,0,0,0,0
367,3.629299046,4.197856222,4.422001409,4.505519961,0,0,1,0,0,0,0
368,3.997269764,4.029727069,3.641402246,4.210028572,1,0,1,0,0,0,0
369,3.632745919,3.706619644,3.121962936,3.980790898,1,0,1,0,0,0,0
370,3.863304471,3.44981654,4.893401519,3.833859566,0,0,1,0,0,0,0
371,4.230921271,3.762839452,3.69132819,4.063044717,0,0,1,0,0,0,0
372,3.473502219,3.622801358,4.850873608,3.714079576,0,0,0,1,0,0,0
373,4.365853878,3.654936981,3.340803341,4.118772855,1,0,0,1,0,0,0
374,3.798702569,4.21161696,3.569547675,4.318997744,0,0,0,1,0,0,0
375,4.917490881,4.592737652,3.669660788,4.258256766,1,0,0,1,0,0,0
376,4.487700827,4.523793815,4.110240394,4.291308303,0,0,0,1,0,0,0
377,3.746712685,4.111057561,4.173262978,4.463658225,1,0,0,1,0,0,0
378,3.62556829,3.607292092,4.788060559,3.907488541,0,0,0,1,0,0,0
379,3.504866464,4.124326398,4.644665391,3.899198135,1,0,0,1,0,0,0
380,4.124379023,4.62462535,4.461543606,4.881634203,1,0,0,1,0,0,0
381,3.843113629,4.060559348,4.283670509,4.194624097,0,0,0,1,0,0,0
382,5.113223406,4.375641548,4.836227894,4.664807959,1,0,0,0,1,0,0
383,4.040416098,4.563038524,4.129806574,4.37772767,1,0,0,0,1,0,0
384,5.204127872,4.974375172,5.350433847,5.298752909,1,0,0,0,1,0,0
385,5.124848408,3.924373134,4.796173138,4.669905453,1,0,0,0,1,0,0
386,4.874624963,4.405629431,4.235629803,4.752931648,1,0,0,0,1,0,0
387,4.183641039,4.321069785,5.631572132,4.337585107,1,0,0,0,1,0,0
388,4.114981809,3.65500846,4.402446844,4.425680568,1,0,0,0,1,0,0
389,3.261698487,4.481598714,4.287387954,4.252835004,1,0,0,0,1,0,0
390,3.811690419,5.04978716,4.615201261,4.119420761,1,0,0,0,1,0,0
391,4.708996912,4.460551577,5.471673367,5.244615767,1,0,0,0,1,0,0
392,3.924351781,4.909124932,5.532329972,4.312914376,1,0,0,0,1,0,0
393,4.264307575,5.2524477,4.214875729,4.229312461,1,0,0,0,1,0,0
394,5.177418213,4.06346341,3.37840894,4.700231423,1,0,0,0,1,0,0
395,3.923837987,5.075971392,4.794906993,4.104444763,1,0,0,0,1,0,0
396,4.714848433,5.342266144,5.400065326,4.900436868,1,0,0,0,0,1,0
397,5.032090498,4.829331326,4.805435519,4.788847061,1,0,0,0,0,1,0
398,4.021800347,4.721844836,3.89660936,4.643609882,1,0,0,0,0,1,0
399,5.111729295,4.654142782,4.282394759,4.827352702,1,0,0,0,0,1,0
400,4.877836106,4.777005564,4.623075716,4.323861045,1,0,0,0,0,1,0
401,4.462127677,5.543153951,4.488795634,4.60151703,1,0,0,0,0,1,0
402,5.32701582,4.936757356,4.599948727,5.002533473,1,0,0,0,0,1,0
403,4.839287107,3.827257739,5.682547902,4.506878543,1,0,0,0,0,1,0
404,4.964647387,4.951735954,5.287272177,5.429525652,1,0,0,0,0,1,0
405,4.015931978,4.890704711,4.532558599,4.911554221,1,0,0,0,0,1,0
406,5.043135172,4.983666459,4.917652716,5.104490406,1,0,0,0,0,1,0
407,4.768539024,4.954150712,5.375020689,5.1374847,1,0,0,0,0,1,0
408,5.151770381,5.57675699,4.20898389,4.952074417,1,0,0,0,0,0,1
409,5.14650567,5.009330901,4.818811025,5.337251349,1,0,0,0,0,0,1
410,4.771153082,5.507112859,5.70777052,5.562456583,1,0,0,0,0,0,1
411,4.458224308,5.203474998,4.979334148,5.330784083,1,0,0,0,0,0,1
412,4.505739725,5.685873536,5.003938131,5.183112652,1,0,0,0,0,0,1
413,5.103511798,5.050189591,4.283704923,5.225974085,1,0,0,0,0,0,1
414,6,5.45846044,5.180602756,5.915726961,1,0,0,0,0,0,1
415,4.530574042,5.171511659,5.53093451,5.305292278,1,0,0,0,0,0,1
416,5.04245831,5.138003099,5.756686293,4.96826705,1,0,0,0,0,0,1
417,5.11273332,4.314858648,4.905042632,4.467474079,1,0,0,0,0,0,1
418,5.250193289,5.371809659,5.723691844,5.39603714,1,0,0,0,0,0,1
419,4.686779481,6,5.21062322,4.809676349,1,0,0,0,0,0,1
420,5.148029869,5.506198492,4.338884854,5.017206999,1,0,0,0,0,0,1
421,5.069262019,6,5.495301547,5.296357101,1,0,0,0,0,0,1
422,4.202976622,2.996245095,3.310345904,3.790085743,1,1,0,0,0,0,0
423,3.177554995,3.559269883,3.697456929,3.3131113,1,1,0,0,0,0,0
424,4.151549833,3.619371944,3.161865251,3.681461985,0,1,0,0,0,0,0
425,3.055448446,3.776810004,2.904140919,3.107693794,0,1,0,0,0,0,0
426,4.227526181,3.021498664,3.039046829,3.79117795,0,1,0,0,0,0,0
427,3.69058788,4.334046584,4.031462755,4.008028694,1,1,0,0,0,0,0
428,3.004373722,3.0899829,3.464607881,3.529208118,0,1,0,0,0,0,0
429,2.862952841,3.393973889,3.533650696,3.559519326,0,1,0,0,0,0,0
430,4.572308908,3.410225555,3.602495797,4.246130422,1,0,1,0,0,0,0
431,3.713610029,4.320805508,4.21844523,3.584441776,1,0,1,0,0,0,0
432,4.611594676,3.848551572,4.269488076,3.784574032,0,0,1,0,0,0,0
433,3.49371343,3.558803009,4.107895465,4.10138815,0,0,1,0,0,0,0
434,3.444515074,3.219598927,3.432760443,3.859531797,0,0,1,0,0,0,0
435,3.549483004,3.708924438,4.107471917,3.471426675,1,0,1,0,0,0,0
436,3.585992699,3.779389673,3.601524784,3.255691624,0,0,1,0,0,0,0
437,4.019181226,2.986564362,4.163527531,3.941386244,0,0,1,0,0,0,0
438,3.958695689,3.417526916,3.916161309,4.100432585,1,0,1,0,0,0,0
439,3.93455553,3.43309942,3.584150366,3.83336404,1,0,1,0,0,0,0
440,3.831563187,2.393718108,3.134894561,2.658857366,0,0,1,0,0,0,0
441,4.072796629,4.937029567,5.302535299,5.21825507,0,0,1,0,0,0,0
442,4.042432554,4.808243348,3.943807909,4.6313018,0,0,0,1,0,0,0
443,4.708908305,4.077462962,4.137961019,4.497627244,1,0,0,1,0,0,0
444,4.619214966,4.342061685,3.32078324,3.911084849,0,0,0,1,0,0,0
445,3.75203652,4.305262973,3.419532644,4.091288763,1,0,0,1,0,0,0
446,4.669532689,4.636637247,3.87054795,3.931171688,0,0,0,1,0,0,0
447,4.189262135,3.709165178,3.963697227,4.054283657,1,0,0,1,0,0,0
448,5.006356197,4.193557675,3.601260226,4.507545044,0,0,0,1,0,0,0
449,4.214428687,3.85373783,5.346922624,4.821083824,1,0,0,1,0,0,0
450,4.290109034,4.646092125,3.540346274,3.98202616,1,0,0,1,0,0,0
451,3.358573858,3.9118565,4.717836393,4.357197793,0,0,0,1,0,0,0
452,4.333761132,4.627823302,4.430876097,4.427149106,1,0,0,0,1,0,0
453,5.104821311,6,4.867052241,5.746163218,1,0,0,0,1,0,0
454,3.650578311,5.209506062,4.883254276,4.111113331,1,0,0,0,1,0,0
455,5.452946061,5.050058265,4.689236336,4.771720455,1,0,0,0,1,0,0
456,5.221923803,4.71017049,3.918979366,5.093069943,1,0,0,0,1,0,0
457,4.685350613,4.589915151,5.306649292,5.279197138,1,0,0,0,1,0,0
458,4.39071992,3.823170406,4.099867813,3.782307857,1,0,0,0,1,0,0
459,3.95641467,5.081670702,4.860443712,4.790614244,1,0,0,0,1,0,0
460,4.201789957,5.211472822,4.263064705,4.939272006,1,0,0,0,1,0,0
461,4.459132004,3.830546286,4.825969049,4.011502735,1,0,0,0,1,0,0
462,4.145720229,3.887672294,5.012638484,4.642029155,1,0,0,0,1,0,0
463,4.798576772,4.275885896,4.53960471,5.032909947,1,0,0,0,1,0,0
464,4.107143542,4.752956383,4.121189724,4.356346017,1,0,0,0,1,0,0
465,4.692749505,4.434833796,4.048011939,4.705726404,1,0,0,0,1,0,0
466,5.025295985,5.059415052,4.234971013,4.560098722,1,0,0,0,0,1,0
467,4.338403401,5.574495933,4.698867065,4.39782537,1,0,0,0,0,1,0
468,5.307015892,4.561274686,5.389586433,5.015911813,1,0,0,0,0,1,0
469,4.38213507,4.409715489,5.053537654,4.545847154,1,0,0,0,0,1,0
470,4.90303451,4.879630213,4.786653682,4.791445356,1,0,0,0,0,1,0
471,4.070974984,4.793344306,4.599862961,4.191106932,1,0,0,0,0,1,0
472,4.155974909,4.437750861,6,5.196542085,1,0,0,0,0,1,0
473,4.55931032,5.511943242,5.122382523,5.436661038,1,0,0,0,0,1,0
474,4.613096818,5.47138779,4.645499167,4.787020677,1,0,0,0,0,1,0
475,5.278040156,4.762936035,4.41449712,5.301988436,1,0,0,0,0,1,0
476,5.392078932,4.303832573,4.904413971,5.265293066,1,0,0,0,0,1,0
477,5.011725197,4.048819612,5.497158547,4.69116135,1,0,0,0,0,1,0
478,5.819612029,5.657238708,4.684173046,4.982237095,1,0,0,0,0,0,1
479,4.270731417,4.65309262,4.501972248,4.324816066,1,0,0,0,0,0,1
480,4.899639431,5.864836452,4.910142579,5.684692691,1,0,0,0,0,0,1
481,5.138128309,5.100389075,4.133115865,5.08075895,1,0,0,0,0,0,1
482,5.312724977,5.413752197,4.735004998,4.670605914,1,0,0,0,0,0,1
483,5.563239031,5.883992017,5.101300838,5.464490539,1,0,0,0,0,0,1
484,5.247397567,5.428063808,6,5.410235526,1,0,0,0,0,0,1
485,5.084668686,6,4.953663933,5.200583895,1,0,0,0,0,0,1
486,5.27378104,5.550945734,6,5.772776931,1,0,0,0,0,0,1
487,5.129814014,6,6,6.122974458,1,0,0,0,0,0,1
488,5.608704781,5.082736421,5.099071847,5.266908676,1,0,0,0,0,0,1
489,4.88545211,5.361401447,4.667144004,4.861658211,1,0,0,0,0,0,1
490,5.715009371,4.591159706,6,5.032474119,1,0,0,0,0,0,1
491,5.190501175,4.879579531,5.214035473,5.581229191,1,0,0,0,0,0,1
492,3.380959862,3.240141675,3.407260583,3.514278056,1,1,0,0,0,0,0
493,3.710506404,3.294058054,3.211775814,3.729958307,1,1,0,0,0,0,0
494,3.228503484,4.123914171,3.96489999,4.214358369,0,1,0,0,0,0,0
495,2.883351144,3.192282585,2.911289135,3.055667888,0,1,0,0,0,0,0
496,3.501189526,3.731926819,3.901265422,4.047256859,0,1,0,0,0,0,0
497,3.698469926,3.348605788,3.864354885,3.841073828,1,1,0,0,0,0,0
498,3.027566285,2.996737781,3.910101976,2.958396567,0,1,0,0,0,0,0
499,3.542288065,4.230557426,3.29495349,3.439583138,0,1,0,0,0,0,0
500,4.115932863,4.083233337,4.62103535,4.223866544,1,0,1,0,0,0,0
501,3.439912491,3.03096661,4.305911767,4.055461825,1,0,1,0,0,0,0
502,3.951671476,3.745583517,3.726727275,3.373572073,0,0,1,0,0,0,0
503,3.731209157,4.477227586,3.874793053,4.194713288,0,0,1,0,0,0,0
504,2.619302287,3.8225732,3.18611061,3.311429674,0,0,1,0,0,0,0
505,4.724953733,3.594449549,4.311738337,3.983176481,1,0,1,0,0,0,0
506,4.061835529,4.049407583,3.15989277,3.857611985,0,0,1,0,0,0,0
507,4.387813287,3.577917927,3.798132807,3.817950666,0,0,1,0,0,0,0
508,3.467668687,3.531822803,4.149155603,3.607888878,1,0,1,0,0,0,0
509,3.543266562,3.260447291,3.88604329,3.823210701,1,0,1,0,0,0,0
510,3.171092376,3.406995558,3.375221715,3.163828453,0,0,1,0,0,0,0
511,2.881494549,3.551848673,4.175533373,3.922841405,0,0,1,0,0,0,0
512,4.205875317,4.220751425,3.972545674,4.553305148,0,0,0,1,0,0,0
513,4.666302027,3.531593539,3.843167945,4.344588795,1,0,0,1,0,0,0
514,4.188149409,3.479153161,4.895996008,4.46499845,0,0,0,1,0,0,0
515,4.266317102,4.106893707,3.929981181,4.26054874,1,0,0,1,0,0,0
516,3.980501434,4.270405967,4.044047035,4.549263372,0,0,0,1,0,0,0
517,4.127616176,4.364611498,3.735111949,4.517953001,1,0,0,1,0,0,0
518,3.810814957,3.968935013,3.859169857,3.765213717,0,0,0,1,0,0,0
519,4.798793882,4.145533472,4.29665801,4.646185688,1,0,0,1,0,0,0
520,4.572570219,4.637215713,3.80565859,4.308708952,1,0,0,1,0,0,0
521,4.848370295,3.511806026,4.714803252,4.82174117,0,0,0,1,0,0,0
522,4.056136386,4.563865148,3.768238325,4.119665639,1,0,0,0,1,0,0
523,4.414298748,5.068903811,3.999054187,4.959580964,1,0,0,0,1,0,0
524,5.086000042,4.003738382,4.391960647,4.199159597,1,0,0,0,1,0,0
525,4.758258995,4.683007385,4.222222256,5.032579983,1,0,0,0,1,0,0
526,4.405954693,4.041323534,4.275313617,4.101425993,1,0,0,0,1,0,0
527,4.061371792,5.401180072,4.456607375,4.869293676,1,0,0,0,1,0,0
528,4.590970618,4.77306504,4.538188495,4.841707664,1,0,0,0,1,0,0
529,3.83713427,4.548223575,4.36614824,4.509160751,1,0,0,0,1,0,0
530,4.527194235,4.587317327,4.995473299,4.626197817,1,0,0,0,1,0,0
531,3.78855353,4.418871492,4.665414017,4.376977671,1,0,0,0,1,0,0
532,5.002135821,5.07909367,5.034259089,4.691212795,1,0,0,0,1,0,0
533,4.218454527,4.36873447,4.813355358,4.72086072,1,0,0,0,1,0,0
534,4.306441595,4.379972174,3.632058023,4.403517775,1,0,0,0,1,0,0
535,4.056420957,3.770859439,4.745266407,4.333216407,1,0,0,0,1,0,0
536,4.42001747,5.403572762,4.145324619,4.642740473,1,0,0,0,0,1,0
537,5.083552674,3.534274975,4.289929901,4.205467294,1,0,0,0,0,1,0
538,4.981840898,4.087218423,4.664833473,4.960935967,1,0,0,0,0,1,0
539,5.027272756,4.813642799,5.456583195,4.713380126,1,0,0,0,0,1,0
540,5.050440955,4.203439545,4.967342909,4.970124905,1,0,0,0,0,1,0
541,4.63885891,5.022873912,5.079532839,4.42442731,1,0,0,0,0,1,0
542,5.356102863,4.262694249,5.673378935,5.544287569,1,0,0,0,0,1,0
543,4.940303189,4.246584362,4.240299302,4.329475887,1,0,0,0,0,1,0
544,4.107854446,4.73406418,5.143401768,4.279958284,1,0,0,0,0,1,0
545,3.979145631,5.658303592,5.294012789,5.108224815,1,0,0,0,0,1,0
546,4.528604044,4.243983531,4.800363996,4.778871977,1,0,0,0,0,1,0
547,5.1415068,4.663218437,5.265379903,5.331488362,1,0,0,0,0,1,0
548,4.489363174,4.77689156,5.27924441,4.645920084,1,0,0,0,0,0,1
549,4.413448288,4.737752012,4.780950463,4.566327323,1,0,0,0,0,0,1
550,4.623838958,5.90094314,5.401641205,5.164208921,1,0,0,0,0,0,1
551,5.437603741,5.162625058,5.187455104,5.467637792,1,0,0,0,0,0,1
552,5.440994361,5.030710025,4.863400676,5.228155229,1,0,0,0,0,0,1
553,4.635652843,5.086683014,5.737278084,5.420279926,1,0,0,0,0,0,1
554,5.432194861,4.868748928,5.620820003,4.888310932,1,0,0,0,0,0,1
555,5.453053641,5.720456536,4.564658973,5.378901856,1,0,0,0,0,0,1
556,5.878195862,5.023706271,5.378281906,5.509508932,1,0,0,0,0,0,1
557,5.574149622,5.441917062,4.635701913,5.487334544,1,0,0,0,0,0,1
558,5.535318461,5.200225031,4.939411944,4.918846849,1,0,0,0,0,0,1
559,5.689412617,5.589230168,4.830699956,5.601154086,1,0,0,0,0,0,1
560,5.435859993,4.468751403,5.354702659,5.398142234,1,0,0,0,0,0,1
561,5.915532876,5.738729782,5.834703878,6.221069258,1,0,0,0,0,0,1
562,3.792186594,3.071235548,3.574414044,3.368845412,1,1,0,0,0,0,0
563,3.35701363,3.067711205,2.708672573,3.396830113,1,1,0,0,0,0,0
564,3.034874932,3.785848343,3.570527025,3.576498381,0,1,0,0,0,0,0
565,3.15636814,3.226197258,4.129574984,3.602870772,0,1,0,0,0,0,0
566,3.592797067,3.341310457,3.354393457,3.836005627,0,1,0,0,0,0,0
567,3.88556081,4.555861955,3.3619613,4.001583157,1,1,0,0,0,0,0
568,2.734185625,3.640893342,3.310995541,3.667040073,0,1,0,0,0,0,0
569,3.110917808,3.43418983,3.311725732,2.966942027,0,1,0,0,0,0,0
570,3.856267925,4.233268334,4.603999006,4.444388078,1,0,1,0,0,0,0
571,4.475314431,3.52705008,4.693488825,4.335496546,1,0,1,0,0,0,0
572,2.881906523,3.581814265,4.017051887,3.074577158,0,0,1,0,0,0,0
573,3.78885001,3.045593552,4.141348975,3.186920489,0,0,1,0,0,0,0
574,3.602264627,3.662640451,3.18827931,3.194148747,0,0,1,0,0,0,0
575,3.908973397,3.916464419,3.558828144,3.92442703,1,0,1,0,0,0,0
576,3.619482298,4.32911918,4.742166869,3.955993811,0,0,1,0,0,0,0
577,4.094337635,3.26825862,3.827895817,4.034266257,0,0,1,0,0,0,0
578,3.84617655,4.074779983,3.934430179,3.753971144,1,0,1,0,0,0,0
579,3.326753084,3.828196839,3.06477209,3.221132514,1,0,1,0,0,0,0
580,4.793655289,2.964734393,3.35594852,3.824072306,0,0,1,0,0,0,0
581,4.000133182,3.852853297,3.985409701,4.415415521,0,0,1,0,0,0,0
582,4.806834131,4.282585022,4.769015825,4.936686298,0,0,0,1,0,0,0
583,3.869655287,4.20947041,3.566722576,4.132526841,1,0,0,1,0,0,0
584,4.758637501,4.546636682,3.575917876,4.198807313,0,0,0,1,0,0,0
585,4.054340077,4.690859981,5.591114977,4.540527077,1,0,0,1,0,0,0
586,3.232822333,4.113961935,4.069654916,3.809235078,0,0,0,1,0,0,0
587,4.587593492,4.107346177,4.614841205,4.505590085,1,0,0,1,0,0,0
588,3.960696004,4.716805687,4.097009907,4.625370475,0,0,0,1,0,0,0
589,3.362255245,3.790847562,4.245710444,4.22789531,1,0,0,1,0,0,0
590,4.085509022,4.270439795,4.412041653,4.412256428,1,0,0,1,0,0,0
591,3.867721394,3.550031685,4.004384703,3.89555432,0,0,0,1,0,0,0
592,4.385971399,5.243526487,4.089464995,4.665642336,1,0,0,0,1,0,0
593,4.358485049,4.255008639,4.532957612,4.428303232,1,0,0,0,1,0,0
594,4.678156302,4.598078834,5.230713233,5.33221066,1,0,0,0,1,0,0
595,4.12474104,3.715156375,4.723939692,4.466355698,1,0,0,0,1,0,0
596,5.252003542,3.096439071,4.517615214,4.067474197,1,0,0,0,1,0,0
597,5.139354623,3.909119267,5.15809665,5.064358568,1,0,0,0,1,0,0
598,4.511489085,4.396612059,5.514177465,4.417609157,1,0,0,0,1,0,0
599,5.296388345,4.971562952,4.580410163,5.033089362,1,0,0,0,1,0,0
600,4.518817425,4.212319301,4.821165777,4.825736808,1,0,0,0,1,0,0
601,4.079206088,4.65734916,4.577213801,4.702091122,1,0,0,0,1,0,0
602,4.994402676,4.427991609,3.274701098,4.137122356,1,0,0,0,1,0,0
603,3.07364144,4.850301329,4.142360469,3.908627178,1,0,0,0,1,0,0
604,4.258137216,4.889431141,4.901346779,5.108337886,1,0,0,0,1,0,0
605,4.453085308,4.120681391,4.968766264,4.491075283,1,0,0,0,1,0,0
606,4.560781784,3.941547829,4.707502192,3.956464745,1,0,0,0,0,1,0
607,5.224463873,3.874177174,4.813943099,4.353292506,1,0,0,0,0,1,0
608,5.101272027,5.100381008,4.745905672,4.55954206,1,0,0,0,0,1,0
609,5.261475727,5.13922327,5.142129758,5.078493527,1,0,0,0,0,1,0
610,4.304838305,5.138319416,5.240234423,4.900719931,1,0,0,0,0,1,0
611,5.127050969,5.049063962,4.610392322,5.138373647,1,0,0,0,0,1,0
612,4.690927208,5.349936789,5.196121712,5.096771858,1,0,0,0,0,1,0
613,5.48043013,5.242419724,5.297021659,5.552657428,1,0,0,0,0,1,0
614,5.160307731,4.688974663,5.052751833,5.124754727,1,0,0,0,0,1,0
615,5.01611051,5.622153649,4.100128147,5.277494501,1,0,0,0,0,1,0
616,4.704357468,5.655725597,4.406956752,4.858960408,1,0,0,0,0,1,0
617,4.506646482,5.454368638,5.594760237,4.939350042,1,0,0,0,0,1,0
618,5.306029206,5.220792128,4.952428199,5.415606509,1,0,0,0,0,0,1
619,5.622764707,5.625244901,5.396086602,5.363166201,1,0,0,0,0,0,1
620,5.967338393,5.621296428,5.433788486,5.376430621,1,0,0,0,0,0,1
621,4.50739289,5.397767234,4.861200874,5.410074233,1,0,0,0,0,0,1
622,6,5.533300144,5.268432881,5.58074612,1,0,0,0,0,0,1
623,5.898493853,4.751017075,4.698573051,4.71487658,1,0,0,0,0,0,1
624,5.803097485,4.72745954,4.930057285,4.739206459,1,0,0,0,0,0,1
625,5.056984576,5.241603174,6,5.144115165,1,0,0,0,0,0,1
626,4.925564445,4.865398347,4.873109847,4.675501292,1,0,0,0,0,0,1
627,5.796248089,5.911568156,5.293987894,6.052350348,1,0,0,0,0,0,1
628,5.309507095,4.374364884,5.545474151,4.848284105,1,0,0,0,0,0,1
629,5.337869766,5.322371477,5.121334798,5.139353845,1,0,0,0,0,0,1
630,4.891642062,5.38838191,5.96477608,5.11764563,1,0,0,0,0,0,1
631,5.074129918,5.634238842,5.11458638,4.898498,1,0,0,0,0,0,1
632,3.868486443,3.875531474,3.520832838,3.320907381,1,1,0,0,0,0,0
633,2.621185524,3.856862703,3.584965063,2.880193349,1,1,0,0,0,0,0
634,3.997590905,3.54709406,3.193057907,3.210942768,0,1,0,0,0,0,0
635,3.536815359,3.927630935,3.859455009,3.686525964,0,1,0,0,0,0,0
636,2.559886575,3.378627362,4.165728963,2.90642085,0,1,0,0,0,0,0
637,3.127172518,4.034066485,3.103473286,3.891704468,1,1,0,0,0,0,0
638,2.8751216,3.663613979,3.891786724,3.457186109,0,1,0,0,0,0,0
639,4.492173985,3.903723462,3.144623537,3.377067843,0,1,0,0,0,0,0
640,4.209708918,3.79808198,3.898043734,3.56815734,1,0,1,0,0,0,0
641,4.169771356,3.584093314,3.996824757,4.32548896,1,0,1,0,0,0,0
642,3.91341865,3.688757618,4.363207159,4.17736916,0,0,1,0,0,0,0
643,3.943296399,3.585016797,3.979052084,3.917501356,0,0,1,0,0,0,0
644,3.968677472,3.998871764,3.244198918,4.044842639,0,0,1,0,0,0,0
645,3.60027549,3.352818658,3.078633415,3.429626104,1,0,1,0,0,0,0
646,3.559020417,3.863389397,2.885878439,2.937261544,0,0,1,0,0,0,0
647,4.695400135,3.867304091,3.226677697,3.84721106,0,0,1,0,0,0,0
648,4.296281768,4.433114883,3.392386212,4.536344913,1,0,1,0,0,0,0
649,3.562606656,3.899567381,3.789987196,4.054254226,1,0,1,0,0,0,0
650,3.613429612,3.548743937,4.858090992,3.830827043,0,0,1,0,0,0,0
651,2.976373111,4.002692613,3.061986131,3.593699195,0,0,1,0,0,0,0
652,4.976805783,4.56422685,3.591421722,4.226878037,0,0,0,1,0,0,0
653,4.128233715,4.250731374,3.790684758,3.770425886,1,0,0,1,0,0,0
654,3.644997855,5.01548106,3.677591571,4.082087361,0,0,0,1,0,0,0
655,3.548156382,4.239404829,4.515713661,4.314629235,1,0,0,1,0,0,0
656,4.683479116,3.990559752,3.940009367,4.261664904,0,0,0,1,0,0,0
657,4.485207811,4.588461775,3.543370489,4.475983696,1,0,0,1,0,0,0
658,3.865279859,3.756986837,4.314322372,4.348558377,0,0,0,1,0,0,0
659,3.27218938,4.648920732,4.471788454,4.5681231,1,0,0,1,0,0,0
660,4.456559642,3.67829364,3.917825014,3.523797426,1,0,0,1,0,0,0
661,4.995772101,5.027252547,5.158768125,5.32624343,0,0,0,1,0,0,0
662,3.842155075,4.173555223,4.31953471,4.4623586,1,0,0,0,1,0,0
663,4.454108545,3.790084274,3.870854893,4.500732777,1,0,0,0,1,0,0
664,4.484803695,4.524936444,4.394925912,4.932258674,1,0,0,0,1,0,0
665,4.750923434,3.970210462,4.528614446,4.291317786,1,0,0,0,1,0,0
666,5.081257664,4.411360674,5.587269282,5.27710004,1,0,0,0,1,0,0
667,3.988918349,4.800949368,4.412542066,4.177579314,1,0,0,0,1,0,0
668,4.85265176,3.901023087,4.760562529,4.71615056,1,0,0,0,1,0,0
669,4.984679149,4.819801002,3.839682635,4.34584341,1,0,0,0,1,0,0
670,3.37397904,3.936718356,4.46037386,4.085032068,1,0,0,0,1,0,0
671,4.688045288,3.586240991,4.342200093,4.656975345,1,0,0,0,1,0,0
672,4.323511314,4.144112847,4.667689959,4.505462747,1,0,0,0,1,0,0
673,4.63933189,4.367249658,4.723247888,4.89186265,1,0,0,0,1,0,0
674,4.530121075,4.909831838,4.659903637,4.775478002,1,0,0,0,1,0,0
675,5.397390569,4.357902121,4.482346718,4.904378795,1,0,0,0,1,0,0
676,4.780514628,4.688350425,5.041098021,5.018531801,1,0,0,0,0,1,0
677,5.097754504,4.330829138,4.747719944,5.12374302,1,0,0,0,0,1,0
678,5.007647075,4.49080199,3.866071221,4.619683608,1,0,0,0,0,1,0
679,4.907600392,4.642091722,3.646392617,3.920414559,1,0,0,0,0,1,0
680,4.583380306,5.326304226,5.372234767,5.078768428,1,0,0,0,0,1,0
681,5.352343803,4.967872184,4.825177471,4.811925333,1,0,0,0,0,1,0
682,6,4.746815063,5.059328951,5.620004677,1,0,0,0,0,1,0
683,4.931029376,4.771601817,4.858380474,5.259963721,1,0,0,0,0,1,0
684,4.81026637,5.033475336,5.079370063,4.646611367,1,0,0,0,0,1,0
685,5.375853993,4.693376856,5.118464917,5.242914281,1,0,0,0,0,1,0
686,4.595952917,4.049018888,4.895197772,4.877200885,1,0,0,0,0,1,0
687,4.270520141,4.718203863,5.333111151,4.950790856,1,0,0,0,0,1,0
688,4.799635377,5.449198833,4.630363811,5.269870694,1,0,0,0,0,0,1
689,4.941418773,4.582674492,5.438668296,5.275798422,1,0,0,0,0,0,1
690,4.884702252,4.976777991,5.235944671,5.483564304,1,0,0,0,0,0,1
691,4.708936463,5.732729595,5.584549592,5.295888014,1,0,0,0,0,0,1
692,5.866135848,4.910664489,4.953965917,5.390302445,1,0,0,0,0,0,1
693,4.981617886,4.873643983,6,5.012925471,1,0,0,0,0,0,1
694,4.776660753,5.112567234,4.769655912,5.21626708,1,0,0,0,0,0,1
695,5.269446793,5.394221318,5.182368517,4.832902929,1,0,0,0,0,0,1
696,5.014548003,4.634315622,5.420020593,4.591981059,1,0,0,0,0,0,1
697,5.661512948,5.770271011,4.364836481,4.956937102,1,0,0,0,0,0,1
698,5.652461009,4.688610492,4.975850338,5.4506011,1,0,0,0,0,0,1
699,3.962130861,5.444537855,4.902681999,4.95661709,1,0,0,0,0,0,1
700,5.805261628,5.342471351,5.324203386,5.226531631,1,0,0,0,0,0,1
701,4.809056676,5.358746694,4.614447744,5.122788067,1,0,0,0,0,0,1
702,5.480947618,5.248335166,5.692704154,5.643223082,1,0,0,0,0,0,1
703,5.447277921,4.295339918,5.4570581,5.391904346,1,0,0,0,0,0,1
704,4.594921081,4.462135723,5.518867296,4.66643345,1,0,0,0,0,0,1
705,5.292001537,5.637265238,5.158822175,5.449553461,1,0,0,0,0,0,1